City_ID,City,Lat,Lng,Max Temp,Humidity,Cloudiness,Wind Speed,Country,Date
0,punta arenas,-53.15,-70.9167,41.11,56,40,12.66,CL,1670381022
1,hasaki,35.7333,140.8333,55.29,41,36,6.71,JP,1670381214
2,rincon,32.296,-81.2354,66.16,95,28,4.09,US,1670380625
3,doha,25.2867,51.5333,76.89,78,0,8.05,QA,1670380769
4,romny,50.751,33.4747,21.88,52,70,13.87,UA,1670380769
5,kaitangata,-46.2817,169.8464,59.25,56,2,17.85,NZ,1670381215
6,castro,-24.7911,-50.0119,63.66,94,4,1.07,BR,1670381216
7,jidong,45.2167,131.0833,19.8,67,11,13.4,CN,1670381216
8,college,64.8569,-147.8028,13.06,90,100,0.0,US,1670381216
9,nikolskoye,59.7035,30.7861,22.91,93,100,8.97,RU,1670381217
10,oistins,13.0667,-59.5333,73.51,94,20,5.75,BB,1670381217
11,rikitea,-23.1203,-134.9692,75.42,81,10,19.15,PF,1670381217
12,faanui,-16.4833,-151.75,80.24,75,21,17.02,PF,1670381218
13,pisco,-13.7,-76.2167,66.25,82,0,13.8,PE,1670381061
14,mosetse,-20.75,26.65,68.95,71,96,8.57,BW,1670380772
15,wielun,51.221,18.5696,34.45,97,100,11.56,PL,1670380772
16,vaini,-21.2,-175.2,84.36,79,40,9.22,TO,1670381219
17,hermanus,-34.4187,19.2345,59.86,68,0,3.04,ZA,1670381219
18,cape town,-33.9258,18.4232,60.12,81,0,2.3,ZA,1670381220
19,hilo,19.7297,-155.09,78.53,85,20,9.22,US,1670381021
20,mahebourg,-20.4081,57.7,76.24,94,75,3.44,MU,1670381156
21,yellowknife,62.456,-114.3525,-28.44,68,40,4.61,CA,1670380967
22,erechim,-27.6342,-52.2739,64.6,92,11,2.64,BR,1670380774
23,tanete,-3.9443,119.7848,88.39,57,90,7.45,ID,1670380774
24,lugovoy,42.9472,72.7644,21.88,79,31,3.76,KZ,1670380774
25,ribeira grande,38.5167,-28.7,57.78,81,100,17.0,PT,1670381221
26,villefranche-de-rouergue,44.3333,2.0,40.05,72,79,2.24,FR,1670380775
27,pacific grove,36.6177,-121.9166,50.52,87,20,1.01,US,1670380490
28,ushuaia,-54.8,-68.3,40.66,48,75,11.5,AR,1670381222
29,sabang,5.8933,95.3214,77.38,85,100,13.24,ID,1670380695
30,sur,22.5667,59.5289,71.73,55,0,3.89,OM,1670380776
31,airai,-8.9266,125.4092,77.41,37,57,2.91,TL,1670381223
32,hirara,24.8,125.2833,75.06,64,40,20.71,JP,1670381224
33,fairbanks,64.8378,-147.7164,13.08,90,100,0.0,US,1670381224
34,arraial do cabo,-22.9661,-42.0278,71.56,94,100,9.22,BR,1670381225
35,ancud,-41.8697,-73.8203,55.83,86,100,6.93,CL,1670380777
36,port elizabeth,-33.918,25.5701,57.49,96,0,3.44,ZA,1670381225
37,bengkulu,-3.8004,102.2655,82.92,66,99,2.39,ID,1670381226
38,ponta do sol,32.6667,-17.1,71.01,94,94,13.89,PT,1670381226
39,mataura,-46.1927,168.8643,63.48,35,8,8.37,NZ,1670381227
40,hamilton,39.1834,-84.5333,54.93,97,100,18.01,US,1670380537
41,alexandria,31.2156,29.9553,62.47,64,6,2.3,EG,1670380773
42,avarua,-21.2078,-159.775,77.05,88,75,12.66,CK,1670381228
43,norman wells,65.282,-126.8329,-25.56,68,75,0.0,CA,1670381228
44,bethel,41.3712,-73.414,54.45,87,100,1.99,US,1670381229
45,kirakira,-10.4544,161.9205,84.99,73,60,5.57,SB,1670380648
46,aykhal,66.0,111.5,-3.73,97,100,19.17,RU,1670381229
47,puerto ayora,-0.7393,-90.3518,67.55,90,20,1.01,EC,1670381230
48,saint-philippe,-21.3585,55.7679,76.59,80,81,14.72,RE,1670381230
49,menongue,-14.6585,17.691,63.48,85,100,2.19,AO,1670380780
50,araouane,18.9048,-3.5265,74.59,22,12,7.34,ML,1670380780
51,port lincoln,-34.7333,135.8667,64.15,57,53,19.71,AU,1670381232
52,abeche,13.8292,20.8324,63.34,23,0,11.07,TD,1670380781
53,vardo,70.3705,31.1107,35.58,93,100,9.22,NO,1670380638
54,tiksi,71.6872,128.8694,-29.42,100,100,2.48,RU,1670381232
55,touros,-5.1989,-35.4608,77.58,82,31,12.12,BR,1670381233
56,tasiilaq,65.6145,-37.6368,33.96,71,6,9.04,GL,1670381233
57,roma,43.2128,-75.4557,52.09,98,100,6.91,US,1670381145
58,point pleasant,40.0832,-74.0682,56.52,87,100,8.05,US,1670380783
59,bluff,-46.6,168.3333,63.81,60,41,19.98,NZ,1670381234
60,zhigansk,66.7697,123.3711,-19.14,94,100,20.27,RU,1670381234
61,vila velha,-20.3297,-40.2925,75.15,90,75,6.91,BR,1670381235
62,turukhansk,65.8167,87.9833,3.38,97,98,10.07,RU,1670381235
63,albany,42.6001,-73.9662,52.39,92,100,8.99,US,1670381094
64,cockburn town,21.4612,-71.1419,79.18,57,47,20.6,TC,1670380784
65,port alfred,-33.5906,26.891,61.18,91,0,12.91,ZA,1670381236
66,makakilo city,21.3469,-158.0858,80.92,71,0,12.66,US,1670380654
67,vilyuysk,63.7553,121.6247,-4.67,98,100,6.64,RU,1670380785
68,kapaa,22.0752,-159.319,82.38,85,75,8.05,US,1670381237
69,busselton,-33.65,115.3333,73.2,37,1,5.77,AU,1670381237
70,saint-joseph,-21.3667,55.6167,75.58,77,42,14.74,RE,1670380785
71,beyneu,45.3167,55.2,15.84,74,5,6.22,KZ,1670380786
72,kavieng,-2.5744,150.7967,83.28,74,92,10.36,PG,1670381238
73,boyuibe,-20.4167,-63.2833,74.55,43,96,4.43,BO,1670380786
74,lagoa,39.05,-27.9833,58.05,78,98,35.5,PT,1670380787
75,mahenge,-8.6833,36.7167,63.77,90,63,3.4,TZ,1670380787
76,evensk,61.95,159.2333,-10.77,82,39,7.9,RU,1670381238
77,chuy,-33.6971,-53.4616,62.67,95,0,5.48,UY,1670381239
78,port macquarie,-31.4333,152.9167,82.89,56,84,12.59,AU,1670381240
79,pangody,65.85,74.4859,-2.7,91,23,9.57,RU,1670380788
80,grindavik,63.8424,-22.4338,31.95,93,40,6.91,IS,1670381240
81,hambantota,6.1241,81.1185,75.54,100,20,5.75,LK,1670380700
82,tuktoyaktuk,69.4541,-133.0374,-16.6,63,20,14.97,CA,1670381241
83,pevek,69.7008,170.3133,-3.69,100,91,1.77,RU,1670381241
84,fort nelson,58.8053,-122.7002,-18.81,76,100,3.44,CA,1670381242
85,carnarvon,-24.8667,113.6333,74.3,64,55,15.79,AU,1670381242
86,new norfolk,-42.7826,147.0587,65.88,38,41,5.99,AU,1670381242
87,coquimbo,-29.9533,-71.3436,58.73,94,0,3.44,CL,1670381243
88,bredasdorp,-34.5322,20.0403,57.2,79,0,1.77,ZA,1670381244
89,leningradskiy,69.3833,178.4167,-5.67,96,4,5.55,RU,1670381244
90,fortuna,40.5982,-124.1573,43.14,92,0,5.75,US,1670381245
91,waipawa,-41.4122,175.5153,55.9,53,66,11.86,NZ,1670381245
92,nelson bay,-32.7167,152.15,84.09,57,100,4.0,AU,1670380791
93,vila franca do campo,37.7167,-25.4333,57.61,86,52,16.17,PT,1670380792
94,bayanday,53.0661,105.5139,10.67,81,100,10.6,RU,1670380792
95,praxedis guerrero,31.3667,-106.0167,62.06,44,79,2.26,MX,1670380792
96,khatanga,71.9667,102.5,-15.21,98,98,7.96,RU,1670381246
97,seddon,-37.8068,144.8916,71.85,63,62,4.0,AU,1670380793
98,sabha,27.0377,14.4283,59.2,28,0,1.12,LY,1670380794
99,rawson,-43.3002,-65.1023,61.92,50,63,11.68,AR,1670380794
100,mount gambier,-37.8333,140.7667,62.04,47,85,13.38,AU,1670380976
101,darjiu,46.2,25.2,36.72,96,86,3.2,RO,1670380795
102,east london,-33.0153,27.9116,61.93,83,0,10.36,ZA,1670381247
103,hobart,-42.8794,147.3294,66.22,60,40,16.11,AU,1670381194
104,thompson,55.7435,-97.8558,-18.24,69,40,12.66,CA,1670381248
105,bedesa,8.9,40.7833,57.96,56,9,1.63,ET,1670380796
106,torring,55.85,9.4833,32.68,89,54,6.89,DK,1670380796
107,natal,-5.795,-35.2094,75.85,88,20,5.75,BR,1670380796
108,upernavik,72.7868,-56.1549,27.86,79,100,13.69,GL,1670381249
109,talnakh,69.4865,88.3972,14.65,96,100,11.7,RU,1670381249
110,lancaster,40.2504,-76.2499,52.83,96,100,5.75,US,1670380673
111,kununurra,-15.7667,128.7333,94.98,59,94,6.91,AU,1670381250
112,bubaque,11.2833,-15.8333,81.28,69,1,10.22,GW,1670381081
113,tucupita,9.0622,-62.051,69.48,96,100,3.49,VE,1670380798
114,gwanda,-20.9333,29.0,67.71,87,100,10.16,ZW,1670380798
115,conceicao da barra,-18.5933,-39.7322,72.32,92,96,4.07,BR,1670380799
116,gat,31.61,34.7642,59.4,84,9,5.59,IL,1670381251
117,bambous virieux,-20.3428,57.7575,76.21,94,75,3.44,MU,1670381252
118,chokurdakh,70.6333,147.9167,-6.11,98,100,3.89,RU,1670381252
119,naze,28.3667,129.4833,63.52,65,94,12.66,JP,1670381252
120,saskylakh,71.9167,114.0833,-23.62,93,76,13.85,RU,1670381253
121,dikson,73.5069,80.5464,3.85,94,100,12.71,RU,1670381253
122,phuket,8.0,98.25,85.08,78,20,12.66,TH,1670380800
123,trairi,-3.2778,-39.2689,78.3,75,9,11.03,BR,1670381002
124,hualmay,-11.0964,-77.6139,65.73,87,73,6.22,PE,1670381254
125,kodiak,57.79,-152.4072,36.91,65,20,23.02,US,1670381254
126,saint-louis,16.3333,-15.0,78.93,33,0,10.65,SN,1670380801
127,alice springs,-23.7,133.8833,101.75,13,16,6.91,AU,1670381255
128,zyryanka,65.75,150.85,-31.02,87,100,7.56,RU,1670380693
129,jamestown,42.097,-79.2353,44.19,97,100,5.75,US,1670380969
130,yetkul,54.8221,61.588,-14.94,97,20,4.45,RU,1670380802
131,georgetown,5.4112,100.3354,84.13,83,20,4.61,MY,1670381256
132,hithadhoo,-0.6,73.0833,82.0,75,84,12.39,MV,1670381256
133,guerrero negro,27.9769,-114.0611,60.6,67,30,11.52,MX,1670381177
134,broken hill,-31.95,141.4333,84.07,28,76,18.5,AU,1670381257
135,hay river,60.8156,-115.7999,-20.22,69,20,10.36,CA,1670380804
136,collie,-33.3667,116.15,75.27,28,0,9.22,AU,1670380804
137,geraldton,-28.7667,114.6,93.61,21,0,13.8,AU,1670381258
138,longyearbyen,78.2186,15.6401,12.04,57,20,13.8,SJ,1670381258
139,presidencia roque saenz pena,-26.7852,-60.4388,80.64,36,34,6.62,AR,1670380805
140,prieska,-29.6641,22.7474,64.15,19,0,1.12,ZA,1670380806
141,nanning,22.8167,108.3167,55.85,65,100,4.59,CN,1670380806
142,severo-kurilsk,50.6789,156.125,31.86,84,83,11.63,RU,1670381259
143,kangema,-0.6833,36.9667,54.46,95,100,3.38,KE,1670380807
144,kamenka,51.3223,42.7678,13.1,70,3,9.64,RU,1670380807
145,praia da vitoria,38.7333,-27.0667,57.45,88,75,30.8,PT,1670380808
146,mardan,34.2019,72.0525,54.03,33,2,2.62,PK,1670380808
147,kavaratti,10.5669,72.642,81.32,70,100,5.06,IN,1670381260
148,sanguem,15.2333,74.1667,71.08,47,100,5.23,IN,1670380809
149,cururupu,-1.8283,-44.8683,74.64,87,11,3.42,BR,1670381260
150,tyukhtet,56.5389,89.3011,6.04,92,100,12.08,RU,1670380809
151,cayenne,4.9333,-52.3333,77.04,94,0,0.0,GF,1670381014
152,barrow,71.2906,-156.7887,15.82,86,100,21.85,US,1670381261
153,provideniya,64.3833,-173.3,24.91,86,40,11.18,RU,1670381261
154,saint-francois,46.4154,3.9054,36.84,93,100,3.44,FR,1670380810
155,shingu,33.7333,135.9833,53.73,49,47,12.57,JP,1670380811
156,mangawan,24.6833,81.55,59.56,42,0,4.47,IN,1670380811
157,atuona,-9.8,-139.0333,77.23,79,45,15.5,PF,1670381262
158,baykit,61.67,96.37,13.24,90,100,9.98,RU,1670380812
159,comodoro rivadavia,-45.8667,-67.5,64.26,29,0,10.36,AR,1670380812
160,aksu,41.1231,80.2644,25.88,35,83,2.26,CN,1670381263
161,butaritari,3.0707,172.7902,80.4,80,99,11.18,KI,1670381264
162,pundaguitan,6.3711,126.1689,80.85,76,86,3.36,PH,1670380813
163,codrington,-38.2667,141.9667,59.09,57,100,14.41,AU,1670381264
164,tambovka,50.0969,128.0489,-3.41,96,81,4.27,RU,1670380814
165,iqaluit,63.7506,-68.5145,13.73,67,75,10.36,CA,1670381265
166,nizwa,22.9333,57.5333,64.49,58,0,1.54,OM,1670380814
167,lalmohan,22.3384,90.7419,71.73,64,44,9.64,BD,1670380815
168,santa cruz,-17.8,-63.1667,78.26,73,75,5.75,BO,1670380815
169,rudnya,54.947,31.0934,14.63,83,100,13.62,RU,1670380816
170,dingle,10.9995,122.6711,83.73,69,32,12.71,PH,1670380666
171,clyde river,70.4692,-68.5914,7.03,92,40,2.3,CA,1670381266
172,pedernales,18.0384,-71.744,75.33,71,0,2.28,DO,1670380817
173,imbituba,-28.24,-48.6703,71.55,90,72,6.08,BR,1670380817
174,flinders,-34.5833,150.8552,81.05,55,86,4.0,AU,1670381267
175,rocha,-34.4833,-54.3333,59.79,75,0,7.31,UY,1670380818
176,qaanaaq,77.484,-69.3632,28.8,95,100,10.94,GL,1670381267
177,tra vinh,9.9347,106.3453,83.05,74,99,4.07,VN,1670380818
178,nanortalik,60.1432,-45.2371,35.4,98,100,4.43,GL,1670381268
179,nara,34.6851,135.8049,51.96,44,97,11.07,JP,1670380819
180,ambon,-3.6954,128.1814,87.94,66,20,6.91,ID,1670381269
181,meiganga,6.5167,14.3,68.9,35,4,6.85,CM,1670380820
182,constitucion,-35.3333,-72.4167,58.32,69,0,8.68,CL,1670380820
183,port keats,-14.25,129.55,91.92,50,14,10.67,AU,1670380821
184,sembe,1.6481,14.5806,69.91,98,95,3.13,CG,1670380821
185,san patricio,28.017,-97.5169,73.26,89,81,13.0,US,1670381271
186,lebu,-37.6167,-73.65,57.29,82,35,1.43,CL,1670381271
187,santa rosa,14.3122,121.1114,88.09,67,52,10.07,PH,1670380700
188,bend,44.0582,-121.3153,30.58,79,0,5.01,US,1670380578
189,lavrentiya,65.5833,-171.0,20.05,76,100,8.46,RU,1670381272
190,waterloo,43.4668,-80.5164,39.78,96,100,6.91,CA,1670380792
191,shizunai,42.3339,142.3669,40.39,57,77,20.67,JP,1670380822
192,cidreira,-30.1811,-50.2056,69.87,84,66,6.4,BR,1670381273
193,la ronge,55.1001,-105.2842,-19.98,69,0,6.91,CA,1670381273
194,bundaberg,-24.85,152.35,90.21,58,1,7.0,AU,1670380823
195,saint anthony,45.0205,-93.218,23.9,81,75,6.91,US,1670380824
196,sucua,-2.4667,-78.1667,65.37,97,100,4.21,EC,1670380825
197,svetlyy,54.675,20.1347,33.85,99,100,6.22,RU,1670380825
198,san cristobal,7.7669,-72.225,66.38,95,37,2.75,VE,1670381275
199,cabo san lucas,22.8909,-109.9124,79.11,73,0,4.61,MX,1670381158
200,manadhoo,5.7667,73.3833,80.78,75,84,5.75,MV,1670380826
201,kalmunai,7.4167,81.8167,76.42,84,100,15.64,LK,1670380826
202,zhanaozen,43.3,52.8,17.51,79,3,9.64,KZ,1670380827
203,mayor pablo lagerenza,-19.9309,-60.7718,74.14,85,99,5.12,PY,1670380827
204,kruisfontein,-34.0033,24.7314,54.88,82,0,3.76,ZA,1670381276
205,mikuni,36.2171,136.1519,49.91,59,78,15.28,JP,1670380828
206,adrar,20.5022,-10.0711,74.35,35,0,5.99,MR,1670381276
207,bambanglipuro,-7.95,110.2833,83.46,70,100,3.44,ID,1670380828
208,reading,51.4562,-0.9711,39.25,80,75,2.3,GB,1670380829
209,kilindoni,-7.9139,39.6668,80.06,77,17,9.15,TZ,1670380829
210,guanica,17.9716,-66.908,74.19,85,17,6.11,PR,1670380684
211,portland,45.5234,-122.6762,42.82,89,100,0.0,US,1670380716
212,williston,48.147,-103.618,-4.68,73,100,1.99,US,1670381278
213,muskegon,43.3,-86.1334,40.24,86,100,5.75,US,1670380831
214,boden,65.8252,21.6886,24.8,85,100,3.22,SE,1670380831
215,dakar,14.6937,-17.4441,76.08,80,8,17.16,SN,1670380599
216,hami,42.8,93.45,24.82,36,90,3.6,CN,1670380832
217,pokhara,28.2333,83.9833,63.36,31,0,1.3,NP,1670380832
218,krasnoselkup,65.7,82.4667,3.33,95,99,13.56,RU,1670380832
219,pandan,14.0453,124.1694,82.98,65,75,10.04,PH,1670380833
220,puerto colombia,10.9878,-74.9547,78.89,78,4,24.85,CO,1670380833
221,ocos,14.5094,-92.1933,78.67,76,7,4.59,GT,1670380834
222,monte patria,-30.6919,-70.9467,73.89,44,39,1.61,CL,1670380554
223,haverfordwest,51.8017,-4.9691,29.79,87,9,6.96,GB,1670380835
224,malakal,9.5334,31.6605,74.21,31,6,7.85,SS,1670380835
225,skibbereen,51.55,-9.2667,40.1,80,78,8.41,IE,1670381280
226,uvat,59.1433,68.8953,-3.64,98,49,5.61,RU,1670380837
227,andijon,40.7821,72.3442,33.58,69,100,4.61,UZ,1670380838
228,jiuquan,39.7432,98.5174,21.79,67,96,0.76,CN,1670380838
229,rudbar,30.15,62.6,48.94,43,7,1.83,AF,1670380839
230,emerald,-23.5333,148.1667,95.34,32,0,7.31,AU,1670380839
231,atar,20.5169,-13.0499,73.63,39,4,2.44,MR,1670381281
232,ahipara,-35.1667,173.1667,63.64,83,100,18.1,NZ,1670381282
233,potosi,-19.5836,-65.7531,44.02,74,100,6.11,BO,1670380840
234,basco,20.4487,121.9702,78.06,81,91,22.97,PH,1670380840
235,spearfish,44.4908,-103.8594,22.08,79,98,1.99,US,1670380841
236,najran,17.4924,44.1277,56.05,35,0,3.56,SA,1670380841
237,rapu-rapu,13.1866,124.1256,82.53,68,86,12.44,PH,1670380841
238,gravdal,68.1214,13.5031,33.69,96,67,30.42,NO,1670380842
239,eyl,7.9803,49.8164,73.44,79,100,11.65,SO,1670380842
240,mehamn,71.0357,27.8492,35.51,86,75,5.75,NO,1670381283
241,wanning,18.8003,110.3967,69.6,90,100,14.76,CN,1670381284
242,poya,-21.35,165.15,77.25,88,100,2.08,NC,1670380843
243,saint george,37.1041,-113.5841,48.94,77,40,4.0,US,1670381272
244,inta,66.0317,60.1659,11.7,74,100,18.34,RU,1670380844
245,ordu,40.9086,37.6845,34.3,77,89,4.74,TR,1670380844
246,yumen,40.2833,97.2,18.77,76,91,6.46,CN,1670380685
247,tuatapere,-46.1333,167.6833,68.13,46,60,7.36,NZ,1670381285
248,qaqortoq,60.7167,-46.0333,34.68,99,100,4.07,GL,1670380845
249,port hawkesbury,45.6169,-61.3485,41.59,99,100,11.01,CA,1670380846
250,port blair,11.6667,92.75,82.44,83,75,8.05,IN,1670381286
251,salalah,17.0151,54.0924,73.49,60,0,6.91,OM,1670381221
252,kalbay,5.7233,125.4986,85.35,65,7,6.71,PH,1670380847
253,pemangkat,1.1667,108.9667,79.66,82,99,5.7,ID,1670381286
254,lata,40.1629,-8.3327,49.08,95,99,3.18,PT,1670380847
255,churapcha,62.0025,132.4325,-34.22,100,90,3.29,RU,1670381287
256,general pico,-35.6566,-63.7568,76.89,35,1,6.38,AR,1670380848
257,nago,26.5881,127.9761,68.45,68,99,16.35,JP,1670380848
258,lompoc,34.6391,-120.4579,53.78,86,75,4.61,US,1670381288
259,nova olimpia,-14.7972,-57.2881,75.27,78,100,4.27,BR,1670380849
260,santa maria da vitoria,-13.3947,-44.1886,70.18,88,93,1.03,BR,1670380849
261,namatanai,-3.6667,152.4333,84.56,68,85,10.58,PG,1670380849
262,luderitz,-26.6481,15.1594,55.94,81,0,10.18,NA,1670381290
263,winnemucca,40.973,-117.7357,30.25,86,0,5.75,US,1670381094
264,lorengau,-2.0226,147.2712,82.49,79,97,6.55,PG,1670381290
265,mar del plata,-38.0023,-57.5575,66.22,78,40,10.36,AR,1670381273
266,chuguyevka,44.1653,133.8633,20.57,63,83,10.02,RU,1670380851
267,elko,41.0002,-115.5012,23.02,96,17,4.56,US,1670380623
268,oranjemund,-28.55,16.4333,55.9,92,2,4.65,NA,1670380851
269,sijunjung,-0.6876,100.9537,80.29,86,100,1.36,ID,1670380852
270,atambua,-9.1061,124.8925,85.64,52,77,3.85,ID,1670380852
271,banjar,-8.19,114.9675,87.57,63,69,3.96,ID,1670380853
272,rosa zarate,0.3333,-79.4667,73.44,82,99,3.47,EC,1670380853
273,bilibino,68.0546,166.4372,-13.29,100,100,3.83,RU,1670381292
274,canoa,18.355,-71.1585,72.23,69,41,3.74,DO,1670380854
275,nome,64.5011,-165.4064,15.87,86,0,0.0,US,1670381293
276,vryburg,-26.9566,24.7284,62.64,83,0,12.55,ZA,1670380854
277,tubuala,9.5167,-79.0333,80.67,72,21,15.37,PA,1670380855
278,zonguldak,41.25,31.8333,38.52,87,65,3.42,TR,1670381293
279,catuday,16.2923,119.8062,82.35,69,54,6.89,PH,1670380855
280,olafsvik,64.8945,-23.7142,39.22,76,92,6.87,IS,1670381294
281,taltal,-25.4,-70.4833,63.48,84,46,2.17,CL,1670381294
282,esperance,-33.8667,121.9,64.76,50,48,13.38,AU,1670381295
283,narsaq,60.9167,-46.05,30.42,95,92,4.43,GL,1670381295
284,nurota,40.5614,65.6886,22.62,61,28,2.68,UZ,1670380856
285,invermere,50.5167,-116.0354,14.36,88,98,1.14,CA,1670380857
286,trinidad,-14.8333,-64.9,73.15,96,100,2.95,BO,1670380857
287,tranas,58.0372,14.9782,24.94,79,97,3.29,SE,1670380858
288,victoria,22.2855,114.1577,68.25,73,35,5.99,HK,1670381146
289,ongandjera,-17.8833,15.0667,71.06,23,91,2.89,NA,1670380858
290,xai-xai,-25.0519,33.6442,73.49,91,81,5.03,MZ,1670380859
291,fort myers beach,26.452,-81.9481,73.45,81,0,4.61,US,1670380790
292,braganca,-1.0536,-46.7656,73.49,96,4,3.36,BR,1670380859
293,flin flon,54.7682,-101.865,-18.58,93,61,8.01,CA,1670381144
294,dzaoudzi,-12.7887,45.2699,80.49,83,40,6.91,YT,1670380860
295,berlevag,70.8578,29.0864,35.55,80,75,11.5,NO,1670381297
296,kungurtug,50.5994,97.5228,-10.84,90,18,0.98,RU,1670380861
297,kysyl-syr,63.8986,122.7617,-10.5,98,100,8.25,RU,1670381298
298,ilulissat,69.2167,-51.1,33.82,60,93,17.27,GL,1670381298
299,boralday,43.3578,76.8594,21.06,93,100,2.24,KZ,1670380861
300,kaeo,-35.1,173.7833,63.32,94,100,20.71,NZ,1670380862
301,samarai,-10.6167,150.6667,84.49,69,99,9.57,PG,1670381299
302,saldanha,-33.0117,17.9442,50.05,84,0,3.53,ZA,1670381300
303,torbay,47.6666,-52.7314,35.76,97,100,9.22,CA,1670381300
304,los llanos de aridane,28.6585,-17.9182,69.55,97,20,10.36,ES,1670380744
305,matiao,7.0828,125.9362,85.96,65,31,5.28,PH,1670380863
306,curuca,-0.7289,-47.8481,74.91,94,5,4.43,BR,1670380864
307,quepos,9.4236,-84.1652,74.53,85,16,2.77,CR,1670380864
308,te anau,-45.4167,167.7167,68.07,50,67,6.73,NZ,1670381301
309,pilot butte,50.4668,-104.4178,-21.33,68,0,5.75,CA,1670380865
310,srandakan,-7.9386,110.2506,83.61,70,100,3.36,ID,1670380865
311,reyes,-14.3167,-67.3833,74.97,88,100,1.28,BO,1670380866
312,alofi,-19.0595,-169.9187,82.29,74,75,5.75,NU,1670380866
313,pingliang,35.5392,106.6861,35.78,55,4,2.77,CN,1670380867
314,pangkalanbuun,-2.6833,111.6167,89.44,56,95,3.58,ID,1670380867
315,sabaudia,41.3003,13.0282,56.48,92,92,6.44,IT,1670380868
316,okha,53.5739,142.9478,6.53,81,95,15.37,RU,1670380868
317,vienna,48.2085,16.3721,41.88,83,20,5.75,AT,1670380645
318,komsomolskiy,40.4272,71.7189,32.72,74,75,4.61,UZ,1670380869
319,lydenburg,-25.0978,30.4597,57.9,91,100,1.97,ZA,1670380869
320,moranbah,-22.0016,148.0466,96.24,22,0,3.06,AU,1670381303
321,acapulco,16.8634,-99.8901,78.62,83,0,0.0,MX,1670380870
322,takoradi,4.8845,-1.7554,78.04,88,96,7.18,GH,1670381303
323,sulina,45.1559,29.6536,45.01,84,76,6.62,RO,1670380870
324,korla,41.7597,86.1469,27.16,41,88,1.34,CN,1670381304
325,ekibastuz,51.6667,75.3667,-15.63,100,41,3.18,KZ,1670380871
326,pangnirtung,66.1451,-65.7125,19.4,63,75,2.3,CA,1670380872
327,kutum,14.2,24.6667,53.26,34,0,8.46,SD,1670380872
328,banswara,23.55,74.45,66.79,41,0,5.99,IN,1670380873
329,lewistown,40.5992,-77.5714,45.21,100,100,0.0,US,1670380826
330,west fargo,46.875,-96.9004,3.25,79,0,16.11,US,1670380873
331,belaya gora,68.5333,146.4167,-24.77,98,100,6.24,RU,1670380874
332,cap malheureux,-19.9842,57.6142,76.46,76,2,5.99,MU,1670380874
333,srednekolymsk,67.45,153.6833,-23.53,97,100,15.43,RU,1670381306
334,katherine,-14.4667,132.2667,91.72,49,40,8.05,AU,1670380875
335,verkhoturye,58.8627,60.8054,7.57,88,44,8.59,RU,1670380875
336,paamiut,61.994,-49.6678,30.81,91,91,12.62,GL,1670381306
337,sassandra,4.95,-6.0833,75.9,91,66,5.55,CI,1670380876
338,ekhabi,53.5102,142.9671,4.8,82,95,14.07,RU,1670380876
339,walvis bay,-22.9575,14.5053,60.1,82,0,4.61,NA,1670380877
340,zambezi,-13.5432,23.1047,64.22,97,100,3.06,ZM,1670380877
341,havelock,34.8791,-76.9013,63.93,90,40,8.05,US,1670380795
342,teya,60.3778,92.6267,9.59,92,100,7.25,RU,1670381307
343,biankouma,7.7391,-7.6138,70.02,68,15,2.91,CI,1670380878
344,yaviza,8.1537,-77.6931,72.07,99,47,0.63,PA,1670380878
345,klaksvik,62.2266,-6.589,36.52,73,100,24.67,FO,1670381308
346,rokiskis,55.9667,25.5833,27.63,96,100,10.74,LT,1670380879
347,candolim,15.5181,73.7626,71.6,68,20,6.91,IN,1670380879
348,yulara,-25.2406,130.9889,98.22,19,9,5.95,AU,1670381309
349,barcelos,41.5388,-8.6151,55.92,87,99,4.38,PT,1670380880
350,sinfra,6.6167,-5.9167,71.17,98,72,3.24,CI,1670380881
351,dubbo,-32.25,148.6167,71.73,43,100,14.97,AU,1670381310
352,hirado,33.3597,129.5531,56.39,55,100,13.73,JP,1670380881
353,saint-georges,12.0564,-61.7485,76.68,88,20,0.0,GD,1670380882
354,strezhevoy,60.7333,77.5889,-3.93,99,98,7.14,RU,1670380882
355,ananindeua,-1.3656,-48.3722,78.71,89,20,3.44,BR,1670380883
356,goderich,43.7501,-81.7165,40.91,93,100,3.44,CA,1670380883
357,onufriyivka,48.9072,33.4487,26.31,51,100,11.99,UA,1670380884
358,sola,-13.8833,167.55,82.92,72,45,9.44,VU,1670381311
359,rumphi,-11.0186,33.8575,67.28,70,86,2.75,MW,1670380884
360,inhambane,-23.865,35.3833,76.14,86,6,5.41,MZ,1670380885
361,sitka,57.0531,-135.33,40.89,87,100,8.05,US,1670381312
362,san isidro,-12.1167,-77.05,70.02,78,0,12.66,PE,1670381313
363,san quintin,30.4833,-115.95,57.47,73,0,10.54,MX,1670380886
364,souillac,-20.5167,57.5167,73.78,94,75,3.44,MU,1670381313
365,avera,33.194,-82.5271,59.38,98,98,4.25,US,1670381313
366,sao filipe,14.8961,-24.4956,73.42,75,17,4.21,CV,1670381314
367,southbridge,42.0751,-72.0334,51.39,95,100,4.0,US,1670380597
368,riyadh,24.6877,46.7219,62.74,42,2,2.42,SA,1670380887
369,guna,24.65,77.3167,60.17,34,0,5.06,IN,1670380766
370,selty,57.3132,52.1345,-1.3,98,48,5.14,RU,1670380887
371,dalbandin,28.8947,64.4101,52.56,34,1,3.42,PK,1670380888
372,pochutla,15.7432,-96.4661,74.82,71,1,3.04,MX,1670381315
373,wagar,16.1525,36.2032,71.31,77,0,5.64,SD,1670381315
374,palmares do sul,-30.2578,-50.5097,68.81,88,22,6.62,BR,1670380827
375,lagos,6.5833,3.75,79.12,90,99,2.86,NG,1670380833
376,cabinda,-5.55,12.2,75.74,88,100,4.07,AO,1670381316
377,cap-aux-meules,47.3821,-61.8597,39.22,93,75,10.36,CA,1670380741
378,bonfim,3.0833,-59.95,75.99,84,22,3.44,BR,1670380889
379,caravelas,-17.7125,-39.2481,72.41,93,99,3.91,BR,1670381317
380,los teques,10.3445,-67.0433,69.01,82,30,1.81,VE,1670380890
381,zakamensk,50.3741,103.2863,2.21,75,93,2.17,RU,1670380890
382,coihaique,-45.5752,-72.0662,50.61,76,0,2.3,CL,1670380891
383,mankono,8.0586,-6.1897,75.33,61,37,2.62,CI,1670380891
384,puerto el triunfo,13.2833,-88.55,74.95,75,4,3.56,SV,1670380892
385,tabuk,17.4189,121.4443,81.14,77,81,4.65,PH,1670380892
386,balkanabat,39.5108,54.3671,33.22,43,81,3.09,TM,1670381318
387,mongu,-15.2484,23.1274,65.25,92,99,7.61,ZM,1670380892
388,chase,50.8165,-119.6857,23.88,99,98,1.3,CA,1670380597
389,vostok,46.4856,135.8833,11.05,84,100,9.4,RU,1670380893
390,maragogi,-9.0122,-35.2225,75.7,84,19,3.91,BR,1670380755
391,iralaya,15.0,-83.2333,78.4,76,6,13.15,HN,1670381319
392,bundi,25.4417,75.6417,62.06,28,0,2.73,IN,1670380894
393,pinhao,-25.6956,-51.6597,61.07,96,0,2.24,BR,1670380894
394,aklavik,68.2191,-135.0107,-6.02,89,100,12.35,CA,1670381320
395,villarrica,-25.75,-56.4333,76.39,69,8,4.05,PY,1670380895
396,coihueco,-36.6167,-71.8333,65.14,52,0,4.61,CL,1670380896
397,poso,-1.3959,120.7524,85.05,66,60,3.89,ID,1670380896
398,alugan,12.2188,125.4808,82.76,65,97,9.1,PH,1670380897
399,shenandoah,30.4013,-91.0009,71.94,91,23,4.85,US,1670380884
400,richards bay,-28.783,32.0377,68.16,90,100,4.34,ZA,1670381322
401,christchurch,-43.5333,172.6333,59.32,55,100,16.11,NZ,1670380897
402,verkhnevilyuysk,63.4453,120.3167,0.36,97,100,5.91,RU,1670380898
403,tigil,57.8,158.6667,17.19,84,99,9.84,RU,1670380898
404,garissa,-0.4536,39.6401,75.96,81,4,7.4,KE,1670380899
405,mariental,-24.6333,17.9667,67.8,17,0,4.97,NA,1670380899
406,matagami,49.7502,-77.6328,8.71,85,100,3.44,CA,1670380899
407,ugoofaaru,5.6667,73.0,80.92,75,91,6.67,MV,1670380900
408,amberley,39.2048,-84.428,55.22,96,100,3.44,US,1670380900
409,coahuayana,18.7333,-103.6833,75.69,90,38,1.63,MX,1670380901
410,anchorage,61.2181,-149.9003,33.19,95,100,6.91,US,1670380883
411,cabra,37.4725,-4.4421,49.28,86,9,2.68,ES,1670380902
412,atamanskaya,46.1773,39.6358,18.91,68,25,16.55,RU,1670380902
413,traverse city,44.7631,-85.6206,36.34,94,100,1.99,US,1670380679
414,hvide sande,56.0045,8.1294,41.16,53,85,30.36,DK,1670380902
415,tefe,-3.3542,-64.7114,73.81,95,100,1.39,BR,1670380903
416,mondeville,49.175,-0.3224,41.95,100,100,2.3,FR,1670380903
417,kargasok,59.0556,80.8572,4.15,96,97,7.96,RU,1670380904
418,sungaipenuh,-2.0833,101.3833,74.03,76,100,1.25,ID,1670380904
419,melfort,52.8667,-104.6177,-27.27,68,6,9.22,CA,1670380904
420,bodden town,19.2833,-81.25,79.93,79,20,11.5,KY,1670380905
421,sakakah,29.9697,40.2064,53.17,69,5,4.59,SA,1670380906
422,sinnamary,5.3833,-52.95,77.4,91,99,8.12,GF,1670380906
423,celestun,20.8667,-90.4,75.92,77,39,15.41,MX,1670380906
424,puerto ayacucho,5.6639,-67.6236,74.59,85,100,3.33,VE,1670380907
425,mandalgovi,45.7625,106.2708,12.92,40,28,7.0,MN,1670380907
426,bacungan,9.9106,118.7022,86.05,66,75,11.5,PH,1670380907
427,arman,59.7,150.1667,-1.39,80,100,6.17,RU,1670381326
428,saurimo,-9.6608,20.3916,62.94,98,98,3.53,AO,1670380908
429,pitimbu,-7.4706,-34.8086,77.59,81,20,8.77,BR,1670380909
430,yerbogachen,61.2767,108.0108,10.98,91,100,15.14,RU,1670380909
431,cheremkhovo,53.1561,103.0675,11.82,81,100,7.02,RU,1670380909
432,tezu,27.9167,96.1667,72.19,29,2,2.15,IN,1670380910
433,oldsmar,28.0342,-82.6651,72.0,88,0,4.61,US,1670380857
434,houma,29.5958,-90.7195,72.0,95,40,4.61,US,1670381324
435,vao,-22.6667,167.4833,75.78,87,100,6.85,NC,1670381327
436,kargopol,61.5071,38.9456,21.92,92,100,10.29,RU,1670381328
437,oussouye,12.485,-16.5469,74.86,75,5,6.33,SN,1670380883
438,napasar,27.9667,73.55,62.96,25,0,1.1,IN,1670380911
439,kasongo-lunda,-6.4667,16.8167,66.79,98,100,0.29,CD,1670380911
440,mahanoro,-19.9,48.8,72.75,83,8,3.62,MG,1670380912
441,berdigestyakh,62.0989,126.6992,-19.61,98,99,5.84,RU,1670380912
442,qandala,11.472,49.8728,74.82,74,94,4.68,SO,1670380913
443,coruripe,-10.1256,-36.1756,74.73,87,35,4.92,BR,1670380913
444,kamaishi,39.2667,141.8833,42.53,74,58,6.35,JP,1670380913
445,la palma,33.8464,-118.0467,59.05,82,20,3.44,US,1670380859
446,maniitsoq,65.4167,-52.9,32.88,91,100,23.58,GL,1670380914
447,katsuura,35.1333,140.3,53.55,61,82,8.14,JP,1670381330
448,rio gallegos,-51.6226,-69.2181,42.85,42,0,9.22,AR,1670380915
449,beringovskiy,63.05,179.3167,15.01,63,85,14.99,RU,1670381330
450,tateyama,34.9833,139.8667,54.27,63,62,5.79,JP,1670381331
451,jizan,17.3333,42.6667,79.74,80,0,4.43,SA,1670380915
452,xacmaz,41.4635,48.806,37.26,92,97,8.23,AZ,1670380916
453,hauterive,46.0901,3.4459,32.76,91,60,1.83,FR,1670381332
454,dongsheng,39.8161,109.9776,25.57,29,18,3.44,CN,1670380916
455,maceio,-9.6658,-35.7353,72.84,100,20,2.3,BR,1670381064
456,kristiansund,63.1115,7.732,32.05,86,75,5.75,NO,1670380917
457,singarayakonda,15.25,80.0333,73.81,75,100,8.19,IN,1670380917
458,vanimo,-2.6741,141.3028,81.55,83,96,7.83,PG,1670380918
459,altay,47.8667,88.1167,1.99,76,23,5.59,CN,1670380918
460,acajutla,13.5928,-89.8275,76.82,68,9,4.59,SV,1670381333
461,kizukuri,40.8061,140.3861,41.52,60,86,17.81,JP,1670380919
462,emporia,38.4039,-96.1817,35.8,80,0,3.44,US,1670380919
463,progreso,21.2833,-89.6667,77.11,76,13,14.12,MX,1670380920
464,chalus,36.655,51.4204,42.26,87,40,0.0,IR,1670380868
465,pemberton,50.3164,-122.8027,25.81,96,91,3.65,CA,1670380921
466,salinas,36.6777,-121.6555,51.89,83,75,4.61,US,1670380868
467,dawson creek,55.7666,-120.2362,-6.16,71,0,8.05,CA,1670380921
468,oltu,40.5498,42.0013,34.34,80,98,3.69,TR,1670380922
469,margate,51.3813,1.3862,41.7,91,10,5.01,GB,1670380922
470,okhotsk,59.3833,143.3,-12.3,92,40,5.86,RU,1670380923
471,buin,-33.7333,-70.75,78.84,44,0,1.45,CL,1670381332
472,coxim,-18.5067,-54.76,79.25,60,100,4.12,BR,1670380923
473,dalvik,65.9702,-18.5286,22.93,87,95,3.29,IS,1670380924
474,innisfail,-17.5333,146.0333,85.14,52,56,7.61,AU,1670380924
475,luena,-11.7833,19.9167,58.28,97,78,1.36,AO,1670380925
476,sarangani,5.4033,125.4636,81.82,76,18,13.62,PH,1670380925
477,piopio,-38.4667,175.0167,68.23,47,100,8.3,NZ,1670380926
478,port hardy,50.6996,-127.4199,33.98,100,75,4.61,CA,1670380926
479,bonthe,7.5264,-12.505,78.19,86,2,3.89,SL,1670380926
480,dinguiraye,11.3,-10.7167,72.81,34,8,2.3,GN,1670380927
481,catio,11.2833,-15.25,76.69,79,0,5.3,GW,1670380928
482,fort saint james,54.4333,-124.25,11.55,93,100,1.7,CA,1670380928
483,cherskiy,68.75,161.3,-14.78,98,100,10.31,RU,1670381336
484,phalaborwa,-23.943,31.1411,69.08,89,100,5.77,ZA,1670380929
485,galveston,29.3669,-94.9669,74.17,93,75,9.22,US,1670380930
486,lasa,46.6166,10.7002,34.68,80,20,4.5,IT,1670380930
487,tsaratanana,-16.7833,47.65,70.27,73,76,7.76,MG,1670381337
488,sechura,-5.5569,-80.8222,66.02,85,60,10.13,PE,1670380930
489,santa cruz de la palma,28.6835,-17.7642,71.74,73,20,8.05,ES,1670380931
490,palmer,42.1584,-72.3287,54.25,83,100,4.61,US,1670381338
491,estepa,37.2926,-4.879,48.61,90,20,1.79,ES,1670380931
492,svetlogorsk,52.6333,29.7333,19.11,85,100,14.54,BY,1670380932
493,panguna,-6.3164,155.4848,77.81,77,100,2.51,PG,1670380933
494,taoudenni,22.6783,-3.9836,76.95,24,0,2.98,ML,1670381339
495,pocao de pedras,-4.6667,-44.85,75.33,83,72,4.45,BR,1670380933
496,markova,48.6758,24.4138,33.94,90,99,3.29,UA,1670380933
497,brae,60.3964,-1.353,37.02,66,100,24.67,GB,1670380934
498,muscat,23.6139,58.5922,68.02,54,0,4.05,OM,1670380822
499,beloha,-25.1667,45.05,77.79,72,94,3.44,MG,1670380934
500,saint-augustin,51.226,-58.6502,21.88,91,68,5.1,CA,1670381341
501,san antonio,29.4241,-98.4936,75.31,84,75,13.8,US,1670380758
502,valdivia,-39.8142,-73.2459,53.69,89,100,0.74,CL,1670380935
503,camana,-16.6228,-72.7111,68.61,83,100,6.15,PE,1670380936
504,kanniyakumari,8.0833,77.5667,78.67,75,94,13.11,IN,1670380936
505,bam,29.106,58.357,48.74,51,1,0.94,IR,1670380937
506,marsh harbour,26.5412,-77.0636,75.11,67,8,14.65,BS,1670380938
507,san vicente,-26.6167,-54.1333,67.26,84,3,1.39,AR,1670380938
508,huron,41.1501,-82.5499,47.68,93,100,4.79,US,1670380939
509,ust-nera,64.5667,143.2,-44.27,92,55,1.01,RU,1670380939
510,jumla,29.2747,82.1838,50.65,17,0,2.57,NP,1670381343
511,yarada,17.65,83.2667,77.32,57,75,9.22,IN,1670381344
512,aksarka,66.5606,67.7975,8.6,88,100,11.61,RU,1670381047
513,deputatskiy,69.3,139.9,-29.34,95,88,4.72,RU,1670380940
514,half moon bay,37.4636,-122.4286,53.02,87,20,0.0,US,1670381116
515,canon city,38.441,-105.2424,46.38,55,100,0.0,US,1670380941
516,rovaniemi,66.5,25.7167,24.21,93,100,5.75,FI,1670380942
517,santa maria,-29.6842,-53.8069,74.5,83,0,9.22,BR,1670380943
518,havoysund,70.9963,24.6622,37.63,63,100,16.71,NO,1670380943
519,rimouski,48.4488,-68.524,40.68,83,100,17.38,CA,1670380732
520,ostrovnoy,68.0531,39.5131,26.01,91,74,20.96,RU,1670381346
521,batticaloa,7.7102,81.6924,76.93,84,100,16.91,LK,1670380944
522,aparecida do taboado,-20.0867,-51.0936,72.73,89,100,0.56,BR,1670380944
523,ambulu,-8.345,113.6058,85.64,67,70,3.18,ID,1670380944
524,havre-saint-pierre,50.2334,-63.5986,35.6,93,100,10.36,CA,1670381347
525,mazamet,43.49,2.373,47.07,89,0,2.3,FR,1670380945
526,orel-izumrud,43.4583,39.9244,44.62,76,75,13.42,RU,1670380946
527,ampanihy,-24.7,44.75,77.11,73,98,3.51,MG,1670380946
528,itaueira,-7.6033,-43.0256,74.17,74,34,5.7,BR,1670380947
529,sorland,67.667,12.6934,37.26,64,81,14.58,NO,1670381348
530,williams lake,52.1415,-122.1445,24.37,88,75,8.05,CA,1670380702
531,maldonado,-34.6667,-54.9167,72.23,57,0,7.4,UY,1670380947
532,tual,-5.6667,132.75,83.32,66,59,6.08,ID,1670381349
533,muros,42.7762,-9.0603,48.09,95,100,4.59,ES,1670381349
534,semirom,31.4167,51.5667,35.89,87,81,4.41,IR,1670380948
535,mpophomeni,-29.5682,30.1862,55.76,98,100,2.33,ZA,1670380948
536,abu samrah,35.3029,37.1841,50.79,75,7,1.43,SY,1670381350
537,yar-sale,66.8333,70.8333,-0.8,92,41,7.67,RU,1670381351
538,makinsk,52.6292,70.4169,-14.19,93,61,2.53,KZ,1670380949
539,klin,56.3333,36.7333,17.55,71,99,10.8,RU,1670380950
540,sao joao do piaui,-8.3581,-42.2467,73.45,77,4,4.45,BR,1670380950
541,isangel,-19.55,169.2667,85.05,69,100,5.55,VU,1670381352
542,usinsk,65.9939,57.5281,6.31,87,100,21.54,RU,1670380951
543,meulaboh,4.1363,96.1285,74.59,94,100,6.82,ID,1670380875
544,falmouth,50.1544,-5.0711,36.5,80,33,6.91,GB,1670380952
545,shimoda,34.6667,138.95,57.56,59,3,20.85,JP,1670381352
546,saint-martin-boulogne,50.7269,1.6186,38.52,75,98,13.71,FR,1670380952
547,mianyang,31.4593,104.7542,50.31,59,33,1.34,CN,1670380953
548,angoram,-4.0625,144.0661,85.15,73,85,3.76,PG,1670380953
549,copiapo,-27.3667,-70.3333,58.69,62,100,1.68,CL,1670380953
550,bud,39.447,-86.1758,48.85,96,94,0.6,US,1670380954
551,petropavlovsk-kamchatskiy,53.0452,158.6483,25.39,80,75,4.47,RU,1670380954
552,bathsheba,13.2167,-59.5167,74.05,95,20,5.75,BB,1670381354
553,namibe,-15.1961,12.1522,68.41,84,19,6.96,AO,1670380939
554,porto novo,6.4965,2.6036,77.61,90,100,4.52,BJ,1670381122
555,isilkul,54.9109,71.2728,-4.41,99,95,4.34,RU,1670380955
556,mkuranga,-7.118,39.2078,77.99,93,55,2.01,TZ,1670380956
557,hofn,64.2539,-15.2082,32.83,61,7,10.11,IS,1670381355
558,bilma,18.6853,12.9164,66.76,17,100,7.29,NE,1670380902
559,caconda,-13.7333,15.0667,60.12,92,100,2.68,AO,1670380956
560,torzhok,57.0436,34.9622,18.25,78,96,11.3,RU,1670380957
